RH,Tm,vpd,i_period,rep,germ_n
99,28,0.038,12,1,56
99,28,0.038,12,2,54
99,28,0.038,12,3,52
99,28,0.038,12,4,50
99,28,0.038,24,1,64
99,28,0.038,24,2,65
99,28,0.038,24,3,60
99,28,0.038,24,4,63
99,28,0.038,36,1,83
99,28,0.038,36,2,80
99,28,0.038,36,3,77
99,28,0.038,36,4,79
99,28,0.038,48,1,86
99,28,0.038,48,2,82
99,28,0.038,48,3,88
99,28,0.038,48,4,85
95,28,0.189,12,1,8
95,28,0.189,12,2,13
95,28,0.189,12,3,12
95,28,0.189,12,4,12
95,28,0.189,24,1,13
95,28,0.189,24,2,11
95,28,0.189,24,3,11
95,28,0.189,24,4,14
95,28,0.189,36,1,15
95,28,0.189,36,2,13
95,28,0.189,36,3,17
95,28,0.189,36,4,14
95,28,0.189,48,1,16
95,28,0.189,48,2,16
95,28,0.189,48,3,14
95,28,0.189,48,4,13
85,28,0.567,12,1,11
85,28,0.567,12,2,9
85,28,0.567,12,3,7
85,28,0.567,12,4,8
85,28,0.567,24,1,12
85,28,0.567,24,2,11
85,28,0.567,24,3,14
85,28,0.567,24,4,12
85,28,0.567,36,1,9
85,28,0.567,36,2,11
85,28,0.567,36,3,14
85,28,0.567,36,4,12
85,28,0.567,48,1,11
85,28,0.567,48,2,15
85,28,0.567,48,3,13
85,28,0.567,48,4,17
75,28,0.945,12,1,4
75,28,0.945,12,2,3
75,28,0.945,12,3,4
75,28,0.945,12,4,5
75,28,0.945,24,1,7
75,28,0.945,24,2,8
75,28,0.945,24,3,6
75,28,0.945,24,4,6
75,28,0.945,36,1,5
75,28,0.945,36,2,5
75,28,0.945,36,3,8
75,28,0.945,36,4,10
75,28,0.945,48,1,8
75,28,0.945,48,2,10
75,28,0.945,48,3,15
75,28,0.945,48,4,15
55,28,1.7,12,1,5
55,28,1.7,12,2,4
55,28,1.7,12,3,8
55,28,1.7,12,4,4
55,28,1.7,24,1,13
55,28,1.7,24,2,12
55,28,1.7,24,3,12
55,28,1.7,24,4,10
55,28,1.7,36,1,11
55,28,1.7,36,2,13
55,28,1.7,36,3,16
55,28,1.7,36,4,11
55,28,1.7,48,1,15
55,28,1.7,48,2,11
55,28,1.7,48,3,16
55,28,1.7,48,4,18
32,28,2.57,12,1,4
32,28,2.57,12,2,5
32,28,2.57,12,3,3
32,28,2.57,12,4,5
32,28,2.57,24,1,7
32,28,2.57,24,2,11
32,28,2.57,24,3,11
32,28,2.57,24,4,10
32,28,2.57,36,1,11
32,28,2.57,36,2,12
32,28,2.57,36,3,7
32,28,2.57,36,4,11
32,28,2.57,48,1,11
32,28,2.57,48,2,12
32,28,2.57,48,3,14
32,28,2.57,48,4,11
99,25,0.032,12,1,32
99,25,0.032,12,2,31
99,25,0.032,12,3,29
99,25,0.032,12,4,30
99,25,0.032,24,1,52
99,25,0.032,24,2,54
99,25,0.032,24,3,51
99,25,0.032,24,4,50
99,25,0.032,36,1,75
99,25,0.032,36,2,73
99,25,0.032,36,3,76
99,25,0.032,36,4,70
99,25,0.032,48,1,80
99,25,0.032,48,2,82
99,25,0.032,48,3,79
99,25,0.032,48,4,78
95,25,0.158,12,1,8
95,25,0.158,12,2,5
95,25,0.158,12,3,7
95,25,0.158,12,4,8
95,25,0.158,24,1,12
95,25,0.158,24,2,14
95,25,0.158,24,3,14
95,25,0.158,24,4,11
95,25,0.158,36,1,15
95,25,0.158,36,2,18
95,25,0.158,36,3,17
95,25,0.158,36,4,15
95,25,0.158,48,1,19
95,25,0.158,48,2,21
95,25,0.158,48,3,21
95,25,0.158,48,4,21
85,25,0.475,12,1,3
85,25,0.475,12,2,4
85,25,0.475,12,3,5
85,25,0.475,12,4,2
85,25,0.475,24,1,6
85,25,0.475,24,2,8
85,25,0.475,24,3,5
85,25,0.475,24,4,4
85,25,0.475,36,1,10
85,25,0.475,36,2,8
85,25,0.475,36,3,7
85,25,0.475,36,4,10
85,25,0.475,48,1,13
85,25,0.475,48,2,11
85,25,0.475,48,3,10
85,25,0.475,48,4,8
75,25,0.792,12,1,4
75,25,0.792,12,2,7
75,25,0.792,12,3,4
75,25,0.792,12,4,6
75,25,0.792,24,1,10
75,25,0.792,24,2,11
75,25,0.792,24,3,8
75,25,0.792,24,4,7
75,25,0.792,36,1,9
75,25,0.792,36,2,7
75,25,0.792,36,3,10
75,25,0.792,36,4,9
75,25,0.792,48,1,9
75,25,0.792,48,2,12
75,25,0.792,48,3,11
75,25,0.792,48,4,9
55,25,1.425,12,1,5
55,25,1.425,12,2,3
55,25,1.425,12,3,3
55,25,1.425,12,4,2
55,25,1.425,24,1,4
55,25,1.425,24,2,5
55,25,1.425,24,3,6
55,25,1.425,24,4,8
55,25,1.425,36,1,12
55,25,1.425,36,2,11
55,25,1.425,36,3,9
55,25,1.425,36,4,13
55,25,1.425,48,1,8
55,25,1.425,48,2,9
55,25,1.425,48,3,13
55,25,1.425,48,4,16
32,25,2.153,12,1,2
32,25,2.153,12,2,3
32,25,2.153,12,3,2
32,25,2.153,12,4,1
32,25,2.153,24,1,4
32,25,2.153,24,2,4
32,25,2.153,24,3,6
32,25,2.153,24,4,5
32,25,2.153,36,1,8
32,25,2.153,36,2,7
32,25,2.153,36,3,4
32,25,2.153,36,4,5
32,25,2.153,48,1,7
32,25,2.153,48,2,8
32,25,2.153,48,3,6
32,25,2.153,48,4,6
99,22,0.026,12,1,24
99,22,0.026,12,2,25
99,22,0.026,12,3,28
99,22,0.026,12,4,25
99,22,0.026,24,1,45
99,22,0.026,24,2,48
99,22,0.026,24,3,50
99,22,0.026,24,4,49
99,22,0.026,36,1,72
99,22,0.026,36,2,70
99,22,0.026,36,3,69
99,22,0.026,36,4,71
99,22,0.026,48,1,75
99,22,0.026,48,2,80
99,22,0.026,48,3,70
99,22,0.026,48,4,74
95,22,0.132,12,1,6
95,22,0.132,12,2,7
95,22,0.132,12,3,4
95,22,0.132,12,4,5
95,22,0.132,24,1,10
95,22,0.132,24,2,14
95,22,0.132,24,3,11
95,22,0.132,24,4,10
95,22,0.132,36,1,13
95,22,0.132,36,2,14
95,22,0.132,36,3,16
95,22,0.132,36,4,17
95,22,0.132,48,1,23
95,22,0.132,48,2,25
95,22,0.132,48,3,22
95,22,0.132,48,4,26
85,22,0.396,12,1,5
85,22,0.396,12,2,3
85,22,0.396,12,3,4
85,22,0.396,12,4,5
85,22,0.396,24,1,9
85,22,0.396,24,2,8
85,22,0.396,24,3,10
85,22,0.396,24,4,7
85,22,0.396,36,1,12
85,22,0.396,36,2,16
85,22,0.396,36,3,12
85,22,0.396,36,4,15
85,22,0.396,48,1,20
85,22,0.396,48,2,18
85,22,0.396,48,3,20
85,22,0.396,48,4,22
75,22,0.661,12,1,6
75,22,0.661,12,2,5
75,22,0.661,12,3,2
75,22,0.661,12,4,4
75,22,0.661,24,1,6
75,22,0.661,24,2,5
75,22,0.661,24,3,4
75,22,0.661,24,4,7
75,22,0.661,36,1,8
75,22,0.661,36,2,8
75,22,0.661,36,3,9
75,22,0.661,36,4,6
75,22,0.661,48,1,11
75,22,0.661,48,2,15
75,22,0.661,48,3,13
75,22,0.661,48,4,10
55,22,1.189,12,1,4
55,22,1.189,12,2,3
55,22,1.189,12,3,4
55,22,1.189,12,4,3
55,22,1.189,24,1,5
55,22,1.189,24,2,6
55,22,1.189,24,3,4
55,22,1.189,24,4,4
55,22,1.189,36,1,7
55,22,1.189,36,2,8
55,22,1.189,36,3,6
55,22,1.189,36,4,4
55,22,1.189,48,1,9
55,22,1.189,48,2,9
55,22,1.189,48,3,12
55,22,1.189,48,4,8
32,22,1.797,12,1,2
32,22,1.797,12,2,3
32,22,1.797,12,3,2
32,22,1.797,12,4,3
32,22,1.797,24,1,7
32,22,1.797,24,2,8
32,22,1.797,24,3,6
32,22,1.797,24,4,5
32,22,1.797,36,1,9
32,22,1.797,36,2,7
32,22,1.797,36,3,6
32,22,1.797,36,4,8
32,22,1.797,48,1,8
32,22,1.797,48,2,8
32,22,1.797,48,3,10
32,22,1.797,48,4,7
